_te_acc,_te_loss,_tr_acc,_tr_loss
0.10290055,23.191832,0.10330864,23.171322
0.10232398,12.908029,0.1051115,12.891859
0.1019,2.670448,0.1055625,2.6601658
0.1007625,2.6706235,0.104475,2.6563535
