_te_acc,_te_loss,_tr_acc,_tr_loss
0.08990457,61.509403,0.09894525,57.15706
0.08443999,42.881,0.091956906,40.514565
