_te_acc,_te_loss,_tr_acc,_tr_loss
0.6259999,29.822666,0.61759996,31.54515
0.7544,17.111261,0.7372001,18.044567
0.7948,11.951737,0.7832,12.96592
0.813,9.573697,0.8108,10.279485
0.8364,7.4563804,0.8340001,8.190769
0.85220003,6.3662615,0.83660007,6.5169687
0.8608,5.7345796,0.8541999,5.681126
0.8614,5.171394,0.8672,4.9075384
0.8666,4.463073,0.8684,4.327206
