_te_acc,_te_loss,_tr_acc,_tr_loss
0.10974385,24.251215,0.108488195,24.455833
